,4
2247,909.6191331003945
816,-114.18672012707083
2153,-334.0665517780322
1162,241.26515525490044
480,-125.72377219556323
1477,-749.128831944814
2402,-304.54819068713937
1575,-591.1132862432572
215,-339.9395551174513
2212,-283.57961731711833
1889,-578.6427813007037
1674,-923.1229268940083
1943,-609.983452437343
2005,-351.0424885411675
2278,461.1446169686388
695,-388.45315146538053
1245,964.6462456018644
1522,909.2770563321411
2368,-318.152637481851
713,-175.96461148299818
327,-8.502557033498618
217,779.4664548202135
1141,-55.83295585812215
1497,93.9103105007146
1269,601.1689256847089
2418,-1078.8031797309477
2205,812.2791719556581
82,936.8710328154215
1510,-90.9580740163224
148,961.971940753001
952,-75.66691073272622
6,-891.4738643391061
1990,-298.85127030576444
760,8.851349271026713
784,-1141.6066901612867
667,-619.4070036561649
472,-413.4123829603267
542,-24.140423587792537
304,168.68387661012747
1734,-128.15887570321075
329,184.55362900455145
351,-292.3861293302666
1403,-807.2451923241797
151,1087.1532128456665
1792,-331.00650094872435
227,969.6027640877711
1565,-307.3919680068144
1233,-188.62300970615425
49,-481.3064298001707
209,-351.652888949121
1298,-319.05336421195494
28,332.0665840248009
2034,-740.6879522249486
71,-386.19407042689863
1484,-950.1685911312135
536,-193.73238374043433
2039,-194.41532266525522
1063,268.39768070929335
1137,-164.67871113504174
433,-406.5535128225237
942,970.4391810265914
1879,649.4396410327056
972,-784.1779460930816
930,-60.03035985400246
584,-166.18924888092906
1747,-167.221149476017
1388,-616.5759902327585
1833,355.84146524481866
1390,-140.63970195450918
2438,-453.74400749298354
1241,-614.4020099078386
333,388.58561220492345
1056,1024.6889582173274
2392,-463.0236167242845
2169,341.81603668121545
92,-245.14744993700572
745,-742.7322009106753
1671,-923.5814893172868
339,-764.550255272157
1482,-900.7602130243853
927,890.9133742068129
614,-922.4404879720076
1479,-501.9402402526788
205,-166.03372436719533
2282,-980.0531783476225
2113,724.8584035800602
1059,-280.94339296062003
475,226.97972885166365
255,-239.51302514431495
21,72.99186434471734
1248,1007.1025589907682
1008,-171.20246662844147
331,-241.29464791102527
1860,-907.3213318921981
1698,-401.856778952149
1156,-324.2366154551371
1444,82.00909768892309
1997,-14.340147860808543
850,1080.26802441426
84,-632.5676878556303
2132,-1040.9518638966663
300,565.7882744621955
1937,-15.151069769940953
1175,814.8797026681509
767,830.5984305194647
1527,-954.0598714053501
1049,711.1058477977629
1315,-414.59919003476494
897,993.7101513193647
52,52.5752713125317
587,-701.6083053103572
409,-735.9820807125017
1840,1026.1920330157154
423,68.92371581410544
1391,862.5787475315609
219,-58.23557562056478
2158,-335.2460321435662
1327,-553.0962436383429
2012,32.723609800983716
990,-757.4315044594061
234,-288.16184024669104
1069,-402.606530490296
1843,294.3111093979048
1927,987.7424769570606
26,-560.8413084043955
1236,120.97841599058366
1762,-344.8512571105025
2171,-91.75980521185616
1730,-137.75532917161112
1078,-211.23065440036206
1408,1074.4365051911816
826,965.5761277560748
1900,-943.1692635026991
939,-1069.0708032779273
1912,-342.9174463837752
1027,309.6743285558534
807,147.27428018070532
2204,-923.1677419836642
1393,-751.2523700941538
1206,-236.19358587875794
439,907.6180143057151
1980,988.1959018734248
919,-824.3149269336623
1279,-591.2824409343366
372,-736.9561932584386
291,-122.69544561109755
1577,46.01548808831633
2440,318.9349295323147
1379,134.469973695435
2101,710.269268396836
2118,-110.28410173458317
1958,-509.477763551991
589,-716.3932477936871
2457,348.82385889745905
2219,-755.0425446458152
571,77.92979988478292
1401,-691.6486967628035
431,768.064621342637
1306,571.2760190795167
1462,398.81254918409
2431,-69.42482070128167
2480,967.097933720074
681,1052.8062489883384
2209,-101.26676743612117
2489,102.88177769698403
581,-749.7567488631805
305,859.9105551680722
2484,-348.20151166525943
1864,921.2181637414437
1330,-452.15903875855287
2152,-734.3124264895181
1432,223.58543668842634
1382,958.8203460301788
35,-1022.853317740844
1499,-567.474008628037
945,379.2653394991881
1532,890.0691394527688
835,-421.66816306586827
2390,-364.63066417098923
2366,1031.2925543480135
1893,420.42169908945004
447,-680.6803795711286
526,801.6982077470603
1862,-214.20327234520704
1147,-395.36142402861446
1053,-579.1262374214341
1220,68.15525003133614
164,140.88250817489106
257,1026.8039897240672
404,469.1420842659991
1944,-315.2376091355372
1533,175.36759595584462
275,949.378784802081
1114,-249.63748029492697
893,41.03607860235245
277,-1164.3433011108784
1959,-692.4316357603734
521,348.4706121359714
1337,-97.90812073425954
790,-366.7298037687227
539,-202.31750039593192
438,-387.1293914717379
689,671.2808791191271
1466,1023.1401081715201
1942,-685.2278617772347
2198,102.788245416377
122,-1174.377162876217
2352,238.88080674072535
497,206.67962511292083
847,-555.4282155142082
1884,286.34581111324303
678,662.6390735115567
479,-286.21447134342617
368,663.04873196436
1312,553.7269743458272
406,-1018.4594435393121
443,-269.4290787340492
2092,965.551374603518
2403,-979.5284176708592
1657,-870.0796554026816
585,-269.82899211684474
2107,1025.0693100610724
964,1029.7389391042313
179,-695.1145474986386
1274,-530.8743605788416
1521,856.7873966307135
2498,-364.0757822038155
1429,859.2282787126824
1919,-252.285663011067
398,-936.8983821896642
563,145.0215012103628
1407,-40.395513880205925
1023,76.86443306335826
2289,72.58961860536552
599,-973.7397642432163
2422,1086.0108369906545
1968,-573.6776776611966
1055,87.87388835169939
814,-737.3741620609827
1467,-163.08009015161164
608,176.34387508257433
1113,-682.4325515174675
2064,813.5467467769996
2364,980.9064853920103
492,-596.0674946625342
2449,-973.3476079481043
2112,-392.74459105878105
1989,30.62208982341867
872,-640.3334962394794
45,-204.32771171256377
1077,-752.5011155597383
2353,-705.6386788978444
1338,-136.36459795596986
1741,323.8088100982388
471,70.89921913170949
804,-132.2896819290758
1844,-565.5792450556734
1678,-220.98426440780028
427,1015.4637389905944
1878,-176.41915849030545
948,-98.0212914302287
286,-187.8512062246909
1375,-296.992087117545
192,-383.09412345361477
2347,921.1368853773901
2174,-470.685186134519
1083,260.0643775354183
1368,827.5814259742915
657,139.73763454950827
2429,-730.8547278325718
783,-519.8353189443568
934,-361.1530823500049
2155,768.6519129513543
2206,963.7671784016701
740,-367.0630704374858
2058,-706.3746396941798
1915,-264.82639112674474
513,-509.53922007476115
1265,-80.54594526551367
1359,336.4587396516624
1550,-665.6461866396152
2131,137.8719858575492
1899,-581.037379882434
58,377.54065820555684
1961,-130.55944004435102
2067,-894.0420026240554
1705,56.840786624980694
845,-411.4577383579751
776,54.672120157612184
2236,-1077.0701984673506
1,27.556149866343645
634,-331.7736569188836
515,108.65499410666669
397,-353.5545883701257
1026,-309.238861808985
2361,-450.77511459113504
86,934.0682064933834
761,-861.416329954649
2038,-382.0874311368885
560,-0.32186928676238225
1494,-157.85467070227782
2213,-763.8003757544587
1011,382.4251155656261
1829,-219.26296241860726
956,378.38078087819247
2182,-315.09497653051375
1639,-315.92546017739755
2329,-1024.0305524334008
446,251.63953925173072
1972,1024.2847333569246
1539,231.1888484738748
764,660.2840123835126
1782,-419.94476369042934
2018,-447.5645724504092
1336,899.5766095354896
2490,-569.0808867570319
155,510.87129470486855
982,-296.39392970816385
153,-642.2385169632993
511,-648.8167469351172
880,-424.7527742765554
1523,-262.4079374206485
684,-883.5373637013095
383,404.7903329426187
1149,-156.05893828839942
2308,-453.0041792466657
89,-277.78349119217273
2207,251.1034081380457
134,-159.3372617854166
54,-166.41867059344483
2137,-76.25965457713313
2491,-200.88740420495628
2098,-345.322233302905
328,1005.9439566424778
1546,821.4934609566261
1044,-697.3314468266051
4,-630.4213744339473
1024,58.177862509517155
1724,822.3830307070655
422,-978.6748333517809
1831,-524.4050019210258
913,-507.92615232139406
567,-74.844394468703
1079,912.4766209767057
1153,921.239239017992
1911,-648.434015762753
838,-617.1705877724182
2406,-1066.5022857158976
1203,-241.18340510764057
180,835.1594043904344
60,-246.7440034781126
953,730.6637381418444
2475,565.4650903390457
928,971.2236489561141
394,-93.6522168415415
2074,-130.6358126303915
1954,-104.12879560471963
894,-409.1305006793784
2241,1061.5213469682492
2294,-341.8634655840893
795,-606.6705297744801
2147,519.4564476228636
1826,240.50019352520715
1420,899.6161684238793
692,-1001.716046590197
1076,-22.384209659730917
2009,555.5383558718877
32,-690.1552024936224
1012,-1082.619079053813
239,-980.3950924050982
1923,-301.5659007228599
1616,-223.59224943253994
261,693.6192765768157
532,-1052.302571673361
1573,374.7929694850379
839,-471.68814483741943
836,-428.4621330307601
1385,6.392978275109987
2083,236.34589685046234
494,114.62446288813547
2019,-604.267270510745
2370,618.5731839420191
618,-344.1847895436453
2054,-1074.6872176095258
323,-983.985128345477
2350,-844.2632874156757
1260,93.3446214008097
1675,37.22317822648729
603,299.2502927233454
1103,919.0599553457048
173,-943.8762289779819
653,-205.33955686322977
1691,-870.5734372743109
1472,681.6329585427748
1610,-145.32208024199653
2075,-443.26524482411304
1299,-361.13662312392097
2378,-561.1272094728889
1790,959.1882215988065
2374,989.9315990954824
1556,-153.79060488866833
1890,-312.418562677675
610,-576.1823644214547
1071,974.0913608721742
2479,274.63681647413296
1161,-996.3112561212579
908,-411.5013239104295
878,-462.6831538907629
65,-671.6338285156328
2341,-572.164897016698
1073,-691.9623128261583
1445,-386.34303748075405
879,-4.2952343520013
9,1066.3720655796717
270,-891.4623537301467
2208,218.13800275876326
1455,-430.43442268587626
1363,-278.54249189671634
1105,-200.64379167693693
1146,344.6960816564306
1486,-916.4816370108538
507,-798.5941926479743
960,481.7967558243458
401,881.2570966392167
1814,292.0940383228975
1808,840.8837759247918
1830,-240.53350888398234
194,-658.8024458824132
362,-236.10588948566289
237,946.0941429577445
266,3.2225974865427176
31,64.37420313240005
2001,-847.0521479264972
212,1043.7971674745625
531,814.1102043764971
252,224.4705331597432
686,14.683240638804403
1589,-857.3670539311074
1458,-842.2552236140131
1417,53.9035320192383
377,651.4540597493681
1099,925.5841373958094
1981,133.20417191497128
2365,391.10890815807954
2013,-147.1564420994121
2427,-176.31107621653234
1369,-476.243559501164
428,477.5154166167643
1967,939.7975653955235
2316,-80.49364810873175
638,-135.33536640277998
736,-677.0836528258535
1362,669.9654470808407
877,314.6354734198273
360,944.5719060124859
1706,-363.2393343998299
44,-1.9246426890022583
267,757.7685125016942
14,294.0154427721822
668,27.382448429552248
2274,-494.5074812397982
1653,-768.8315860519201
2471,-114.73027018828023
1613,-93.93549736761595
2025,-750.5525275307973
1739,-459.8013935423253
785,421.95590655550035
1252,620.4913865961262
2130,-870.4232617113139
2068,1006.1857718188286
99,-185.13689961095378
725,839.2292245600975
1815,-378.5016021563664
1474,32.74751685743833
96,-138.3363008362292
852,-717.4474147528688
2299,954.2114243978423
1448,90.10183600484086
1508,-209.4486102901814
350,213.26333439504282
2215,925.4388463755298
975,-260.32209747421797
1925,-909.4939284387136
268,-337.11889769239906
1672,-318.04530190459525
1452,-705.7298299577518
391,-903.0294022163062
1836,-511.77013675299645
1498,-353.1504142112747
2007,-533.26369631425
102,315.9646248062552
1982,967.8352496986901
1491,-388.96532357281865
290,-814.6796519809773
844,423.0623913274668
1933,-125.03809824011866
902,-426.5035611988741
1839,-852.0465280732798
2138,1003.9552039958827
244,108.00338457145874
229,-662.4503058838785
2003,931.3348291874426
1001,214.81534444274308
705,-390.6968960519776
2487,-275.98738973118066
1956,-366.6720035009821
576,-344.46867561719
1365,-324.59359561542266
220,-858.5311389539289
484,-39.15251270672923
2178,-665.8060352344786
2360,-519.9146402817917
809,-503.2570104200507
1795,-561.3976636476523
232,-2.901598924229315
2222,618.7129609042747
1436,1096.627853529026
918,74.72734772543359
1193,724.6341660787734
317,510.96850985949993
541,974.1689350812317
1834,470.6580993139496
1489,-251.25942726540154
1571,-759.8601891323447
1978,-695.820052613658
1361,68.28782935459714
1258,23.03012074482366
1501,1018.3212476835262
819,-892.122639736519
1152,-259.47065651651366
1290,837.1364912696072
518,-361.91482145161376
2104,1022.6132248441585
2338,-153.8324646470918
408,-143.8346395929992
791,347.6060328957614
37,-377.83727875825696
469,685.3464478774564
1134,-822.7414509396954
1868,-836.7343574752133
489,-268.84413798105203
444,-799.7014153968482
1945,-1051.2039775709563
904,644.0246055368593
1052,-281.4539205809527
226,-769.1435870824221
901,-13.774359874474092
231,693.6482153595596
1658,-1106.2556237008585
181,-366.2131373021769
646,-63.51314701719608
747,828.7287859875655
664,-346.6929277591809
943,-984.8979495514888
2435,346.07453369110624
2232,913.7751914365725
1128,-510.38355072139245
459,-354.09696770073975
2223,-1064.1482321747328
1112,-336.3743130520123
671,-899.8456400373043
870,109.95938757470704
1373,-599.4808299610773
1799,-110.06884199058466
987,-697.2163406003901
1367,210.26351610248835
1187,-753.5018140995828
1856,1045.0077966677866
1176,-719.972713919384
727,-428.81708746401824
596,911.3864542745561
2072,130.18588748842083
887,749.1544619694507
1348,-460.2339836461176
757,-149.62899829335848
61,-732.4947569352887
778,-359.17759652339794
714,-92.76089218781624
2201,623.1677202067922
363,-493.1315788506794
133,-383.3125486327808
1916,896.8093090566981
2415,-802.4037301123944
2202,981.9936658378715
995,-166.18421729115923
2481,-658.1623478012273
586,886.2183798417118
345,-433.6075362477261
1037,-31.64358976497453
2357,28.316517574077324
264,-4.1679450722719835
958,-871.9882643051
916,202.50255213046674
1041,-379.6773913623247
2339,1015.9569956850845
343,-619.9834781435003
1180,525.8966334468001
1002,-647.9215456739495
1460,838.622802267616
482,-91.68672894685193
1039,919.7316299409872
251,249.64334912873167
1025,283.0755404432512
2045,-421.9764732453651
1352,1150.5357521269373
2047,-213.71831288868216
2388,925.3384278222628
1964,104.02986335295874
467,-0.19316120868356634
2142,-401.4676552567268
966,-454.14675300628596
540,-469.4110707559255
965,-388.9061203178298
243,-468.1485182565149
1014,53.001056527765336
869,994.0144082922612
889,169.20503746687157
2482,-924.593707618673
1332,-325.4985787038117
2116,-156.5316532302059
1804,-264.48227098536563
1970,667.2657396990077
2306,-708.9133537193246
1334,-340.1533527809867
1140,355.25583726922025
135,589.2445811505667
1177,-78.74920360428357
793,989.2427095835939
718,-535.7232896928119
1908,-158.5968805156569
724,873.0967213660767
1394,-296.0677759935806
1847,30.55351187124274
1319,279.5843904599575
1339,-606.4868796179029
2192,110.85535768595606
10,-652.8579593628972
1586,-900.4903665848028
1182,-609.6604222497011
1595,-115.0886526975618
721,-254.21563667783778
2301,1058.8031893680459
1505,774.3778873727783
2315,-324.8793788687505
375,811.8543743120229
2452,-178.81811396088602
792,976.7925234390432
1096,-48.70817211688013
537,-223.29388637001895
2035,964.2025275116326
171,-595.3348623663347
176,926.1784012280797
1677,793.3533006361026
42,313.0967676381134
1998,730.4639738896024
2070,-835.2675999421393
1853,-1121.0876696225305
1638,-1054.6008587502984
488,1075.6130750711068
104,693.5198460879745
888,-1029.4865067576618
1181,1026.951854481348
1488,852.3407844942675
2465,-198.63709994275808
2292,-414.8855833415678
1764,-463.63594627193345
1769,-990.4137275984807
2037,-938.6474648485903
322,300.44550759441586
495,-55.77435388479878
2087,918.066961802864
2413,-536.1832571749758
772,-318.4996318108664
1694,-252.90819178294865
543,-73.24963217960932
445,-201.31330893583018
886,3.051063028126284
2376,-452.980874477609
601,88.81114520840961
1194,451.1759173919579
1655,-953.0235416781234
1116,-479.5540002565317
1838,-468.86662318494996
2109,-760.6447738489886
1205,-751.1466570656623
947,-424.5244797830452
2379,-520.2217130012556
1288,92.30308844251334
1664,-927.0325870327118
676,-629.2444627259891
193,-328.1109894750597
287,828.2983576304409
2234,-122.51654351866652
114,1044.272440250658
2022,460.61859854736974
1030,536.1503836514478
1753,-553.9719778374421
1620,174.5757979457614
2057,236.3296887650157
105,969.5972602928916
2277,1019.7254174728108
1768,1105.8564431281277
2430,200.73613893816702
582,-1136.848856186013
1215,-613.1825190694018
256,-367.72294248400954
95,416.507577180123
382,766.7218598968067
2380,-472.0415042306192
297,-920.3425279239779
1471,244.44151085298927
481,-264.90748855389654
680,452.8711478408597
392,-593.8090572628482
830,2.0345908900805583
938,-663.5837172322465
2460,324.68874583989015
2076,-940.3706864397583
121,968.9941969365703
1812,-291.875004543366
1934,-315.7179488519798
1424,-846.0671302422085
911,1053.150196060681
1788,-873.3177163906138
1749,909.7693459033295
1910,495.5725061957284
1142,1000.9606605208328
1483,-747.5069908898383
336,1033.5675529701791
399,945.2008445794329
690,643.6797988598463
701,-1030.8304534641302
1870,951.9706146629618
1226,-627.7262448717202
2026,929.0498148428244
2275,-298.5858368591539
2021,-913.9021426745861
1744,-936.9796528656364
2220,49.49961729254984
1389,844.01362584949
2268,150.21979747192714
1635,-596.7596403401548
865,-682.9167296868663
1300,-385.5491370331493
729,1022.7222929275574
1763,2.418555703984559
1712,-289.62225307894994
817,261.3999629320002
649,942.3246174852433
815,-413.95364418747477
260,-122.95683492870977
2287,-384.5073911938828
1748,-82.53497701129197
1509,-298.21906620212496
1449,-192.80763763839127
579,-501.2122571378572
1200,-523.5019694220435
2032,-4.073939701429987
1302,764.356161267646
1781,-318.6113238825309
786,-999.1133648196258
85,-52.04849927265876
1383,-421.4010227899727
860,-696.3818674898375
524,-479.6513935354611
483,-590.5656303476646
418,850.2979512331145
562,99.50655390652709
1157,-180.71997553802436
430,-377.1368036730238
1006,-383.41911194283654
615,254.16530371006462
62,927.9497746765209
302,-156.28618295610937
1435,-625.6828915223387
1084,-50.18710411329022
1708,-750.2863894310244
1506,318.85395526836265
1905,-1095.5237722380552
1159,-146.86413261025314
626,-758.8469649553584
1221,949.0485770867598
1811,-171.55020837742444
2324,-622.4109246248654
1225,-117.68379154423396
2108,-703.8452764227803
2258,-252.20146807234303
2189,-309.0766989411598
825,-590.911577380024
1567,1061.310453023962
1275,206.30203539287797
1261,-448.9609701364322
1309,617.5333783541896
373,228.21823313464148
528,840.919808858122
470,-324.0250917222225
170,-719.0665094280816
687,-582.7589271313221
2079,327.1792743875525
670,-346.8370854129442
254,-171.30968132104493
557,349.75977508660446
1746,-248.24081334287146
2156,-850.134394940706
1504,247.13260662251972
309,1025.9414666367402
559,925.81418949585
731,-733.6962360868832
903,245.47088670844826
2302,-540.7305176515316
1606,997.6866090928326
1680,147.52231992868394
410,902.474958061763
2129,773.5525791802269
1615,-1243.5483831207353
203,-131.17501004539156
1580,285.6225496294826
1263,-306.1141459782732
640,286.5434415698598
1560,-433.0356589970538
1135,-1156.227798268423
1985,988.496755022892
2195,-863.7136370390438
1904,996.5588390650184
1728,-318.4971187262035
2280,52.53547991322594
1785,-998.1483577486213
1440,-647.0300249923155
1325,-421.18285206623796
2340,-485.24764579848403
477,242.5564131704556
1305,693.1523067197211
1874,349.0500502700541
2167,-416.4184621472028
98,-1095.7875809635082
284,-657.3643891266219
2188,-263.9327432321682
946,-1057.504437363621
352,651.7080864109911
1564,-762.7380714490014
2262,383.0836620047505
451,33.84901422585472
1088,189.11982631100918
616,158.28822332702956
1645,1017.4143835510318
130,360.37057959880775
1929,298.75076592635725
1582,-605.634466673038
1201,-1035.206221708858
1641,144.2895525243569
1442,236.32375614726843
1535,-893.6719833435737
577,-692.6463204425753
2163,-637.1732024705271
1948,942.5839148911172
1930,970.9540714456448
1682,-34.04951049055745
1257,-420.78506729479653
1740,1000.0644632896717
1663,-806.1445218560001
1399,647.9417476624301
2284,-117.89309728560427
1447,1016.7689758984536
1287,-719.4192661005092
765,117.6130541924469
514,419.99186317780647
1977,-702.8674310951811
1880,-402.6517001489292
1813,1072.018535758491
895,-786.8230445022814
72,30.30998413270799
1544,118.78593479240263
1969,-548.7298912261521
1003,-440.55731884662436
1973,-712.7683056685773
854,104.3751561463137
1446,-360.6431646307301
2337,-300.26030795097654
1228,-162.1594818743257
2023,-715.6263124954323
1211,140.23314381784127
2269,-730.8390005718256
2494,-156.48656218336936
90,-106.41746243122948
1004,-853.6110338827656
1822,-395.56637814800143
2111,-736.4361541210498
1801,1066.597122254511
645,304.56150429280603
426,-249.27883039211622
22,-395.7576588216903
717,-1106.4277687667359
1353,-316.70701299313373
578,-141.0002034430844
516,-750.9586498315293
1951,-628.1149985829667
449,-363.6360979620471
985,-683.1685796572864
1593,166.05623826199658
1331,-203.99437590091162
1345,-492.1982093636629
218,-81.34400795586548
315,-698.2785415246292
2495,-473.61519485240615
627,-356.26042604720226
525,-348.60998594758365
124,439.41555225492925
1710,461.9107401901654
711,357.5337479225236
2085,-963.5506058282506
2389,335.72916439009225
566,843.1605062075103
2264,-569.8471548842188
631,-199.13254675917196
798,-247.09620324890872
1231,-364.0030240687691
1545,252.78218797647367
742,-578.8684364910957
1185,1031.726485376643
2196,151.900080457348
805,546.8965329913805
1127,-569.593110469935
175,-284.03250911522645
967,-315.2783101662725
1837,-645.2174600235187
2151,510.6926112230544
1202,-667.9209605860148
1495,90.92020461489678
101,-461.36598827135987
1297,400.0318173496648
1278,-475.0011347692643
504,810.0582380311216
1431,-894.327761066616
674,-723.9811561593273
361,949.8086394620907
1070,-237.0924469810671
1918,-464.03509520272763
2231,109.14302418731765
2290,1015.5639593174371
1783,-1059.386168313485
2313,-101.45151439608709
1760,-357.8795045806376
1395,89.59673623496275
1892,-913.5367775317189
2024,1040.668763867618
598,964.5226174679251
425,-374.16441183964383
1780,174.37301526218886
1647,928.993040221746
2453,89.66201760128489
829,-385.6295535524192
1251,963.4348089810312
1329,127.4514679667571
666,110.35049195675536
1891,-632.521196299165
240,-77.47329861797002
1058,-2.6076570842323754
977,-404.8364689839044
1950,-205.40948816267252
412,324.81748538206466
1952,-151.60805738412503
2073,-915.5485249699617
2393,-481.77330941916864
131,-642.7705220072631
1732,-599.1026695333233
371,-1013.1391896355274
2493,-8.87333039216095
1901,-427.76114227558475
840,-113.73310704864103
2320,-63.52386525217407
1999,-601.1067793377001
1405,762.4522657359809
1649,-665.3203456313921
1810,133.84084054934385
1413,949.1120182163713
374,-690.6139990300298
2408,-224.65243022258085
463,-693.6534136614838
1151,-362.0240777577505
501,-161.01320443184085
1548,918.8515326443561
2296,-623.7661757988695
1758,382.05103878064756
593,-505.4570988575685
1542,-321.65606380066953
1280,882.1791108718608
561,-100.39699850094901
2411,-1050.3622617745311
1757,-763.9169127155167
2226,-326.33072602794266
1987,-166.70498531956784
1163,980.5470482192346
198,386.48190592258277
2081,-188.29325137934728
1061,-437.59795670088744
831,-306.03096709456463
873,952.6178368325328
1679,27.2270674979004
1640,-497.85647307256204
1531,-218.67583074213846
675,-1082.9242253944303
2272,351.700733177073
330,884.5333060989977
2304,-83.58051119361534
2312,-805.4178711374376
2286,-227.10185911959965
137,-224.9751058962527
1132,-303.72620574738363
2000,-193.37819711965486
1721,1022.8085250738338
605,-347.73425177769235
485,-458.5669856102485
1662,-32.31631828845011
197,-970.487263287102
325,18.176680152435587
2254,-728.8250504358417
1380,-262.7674537163972
213,-316.2961322682055
1204,-959.0165772001723
2441,-609.8329147399832
344,-628.3346853736793
937,-370.15945068936094
997,966.4849304306151
2331,104.44819056519987
1048,-126.65220910767825
1754,-122.7198269891876
147,76.81779855225216
1190,1071.921655618636
1384,-572.6098465827866
519,17.833095969308165
1060,539.0890027841388
1082,994.2018633038615
2133,226.33037642911074
1426,429.83059742814834
387,-834.884493386983
2401,173.03603501243725
856,-361.58761404869057
2042,-910.4120883506131
1480,-21.99221902156958
1213,62.00557696294918
2099,9.759636961411012
2126,-624.5265121067124
127,-541.9109621873707
136,-36.835498987188345
2096,-207.22384136294704
1637,-353.8796825295334
992,-169.55633847299387
462,-314.74567692650254
1018,-387.3716251903839
1036,-276.55271321433156
2310,-543.04262999183
1129,-581.3970133386462
1873,327.8404796311732
1192,127.208000896278
1412,728.5664019665489
753,-397.87048836177325
247,-739.3818150719744
281,896.3005073247072
1568,-1163.0763649158666
1198,-422.0274084601601
797,-997.7651638724326
123,853.4970521993528
1217,-78.82229313273744
2227,-372.4051209692207
126,1008.8402295821627
8,399.2760518417893
2263,-8.784096082800895
196,-364.30112447157904
2348,-995.3501396311386
2197,51.71708785784758
568,985.0670829479423
1314,-420.2664509416727
493,-633.3050279076473
25,-970.3372153340645
276,-546.9951021574576
1090,453.58471125812054
1898,716.5084146131446
1326,1014.8706881273395
1122,-218.66416434132555
2249,-440.8540156907922
68,-473.42824028200886
1859,-665.7121462226514
771,-469.95371431861895
1514,156.2203098586836
2421,-326.8158678253474
863,976.8649891779021
691,20.435066984699432
1611,846.9345983740042
47,-165.60168706257733
1761,-763.6630885932577
413,431.3156190314762
746,427.3441815317929
871,-258.265653730891
1273,-359.74785745889494
111,-425.3252475873338
2015,1063.0457817078793
1094,983.1569529056871
20,-672.2978581841254
388,969.1851020552292
108,961.5581694211937
1669,-936.5217434997799
2488,258.57419731959004
1966,-497.6378001117214
1578,-833.4384818345446
932,-718.8278202074674
846,-444.9420069987549
1207,989.5927832339884
1272,-281.51696015529916
632,-409.96658891855066
2314,354.19730843644703
143,134.58806576893616
465,-963.1511685911933
920,-393.30478015880476
820,-107.12471941465486
983,-240.07693775293384
440,615.5419604061966
1120,-530.7963627748566
1294,-126.41603194814523
544,631.1939632486184
311,78.1815126919404
558,-121.7780345474103
1150,-8.48562146621365
1292,-271.0970231033802
149,366.80480016068105
821,-388.43134106739745
39,-919.251467551857
1043,-42.06110426753035
726,-670.0154376155162
2041,540.8444733460359
195,-302.4636663190659
235,-416.18447714235737
2235,455.270702026813
271,-594.5763791036419
1823,-72.99047645578138
708,-307.57857443012045
1991,64.08367870107408
788,-1187.8813235054456
16,-688.334876007156
2036,-78.62866096297066
33,931.5194456250424
2193,-288.58205696563
929,1048.1028062742676
296,772.7569559130529
867,-378.8229875347309
1042,-191.54222380567046
743,-597.6869709840082
129,-965.6046829595277
1164,-216.6596091994369
2161,-44.75109211084666
763,137.60695506954843
2185,-746.4450503381997
963,-227.53496396092524
2300,927.4578454746996
1885,480.8606740194872
1817,1058.215299595565
106,737.8218329084294
248,215.7118912109358
639,946.753297408732
811,83.70941138802642
2010,-199.79884368595384
1168,625.8156145387181
1323,-99.21712408203865
274,861.8995329182134
30,-245.79076264403045
456,759.4260127269932
1295,115.26665027425865
94,740.8626627464299
132,-183.09552451033727
1807,201.5199512590393
644,961.4986164481161
1118,516.7911292478279
1281,-449.4725379307167
395,-210.15855964457597
56,-681.6377059336063
1583,1002.9708131214834
1519,-65.8210433607622
1133,983.6861477402718
2091,-124.29889212675072
1618,94.20191803276764
2006,-836.5326985248464
342,-468.29289424361366
2346,-130.77400316126176
620,-139.47594955894255
1038,700.3564105845168
2442,172.22663952628437
1771,909.9753194185846
299,252.84434604983983
2345,-246.70071164427608
512,-282.0163243869035
1169,507.8989039775701
1481,-863.786818564254
2273,-268.75257667828413
1766,-972.4965590529424
1770,768.6079482669217
1230,1137.8094101775434
641,-424.00188467081324
1697,646.7756636307608
744,-482.23832061458046
522,91.92813780604217
1174,728.9906718135807
2267,836.9727141125022
2468,-465.2339507293599
1731,-500.80402661996095
1246,-894.893397699439
34,-395.7125553374199
1223,-10.469116745422845
159,-971.4310585988819
2436,-16.11063747233786
411,878.9497975847984
2321,-188.1543421753845
1800,-247.72408334472777
1596,50.33474833649649
1490,424.677679606551
1957,-716.3830557970516
1745,-575.3069686673053
590,-308.35024976821336
160,155.30390299253503
703,648.2101855643151
1947,636.1097217898284
1138,757.1532087374467
864,725.6630728903452
1670,-494.09224044802187
321,149.94041106571598
502,-499.82000287930333
1894,-437.3393056347377
2055,197.22827889168943
672,-689.0792603470287
1559,995.6713972172395
461,-925.0082599258853
1643,99.27669087345953
1196,-764.8114070842129
18,985.1516531557386
704,369.6273326445945
1979,895.8088510109549
1464,-718.6795250028462
891,-411.39226109154316
436,-282.34130771477254
1086,-455.69713881943596
269,-470.6662736356759
208,263.1676771491824
2066,-635.1267118895887
2199,-171.66835039468015
2224,-945.0941419511204
1646,-928.8314381546129
468,466.3761755761974
685,-618.4332199260631
612,-406.0394510961248
2298,-806.8675750253072
1057,27.487450820338374
1496,908.5508758527386
1095,974.5186518490984
13,-113.97006792652068
2191,16.583949521754985
984,937.8416228375172
2029,-595.8333517689157
754,-36.18993088308464
1081,791.6431809220719
1516,-977.7037512263774
1212,-394.426719270038
1493,-959.4148190842261
1411,22.928423111651604
2093,-42.371984484888685
1869,-403.38842015946545
1926,203.16482430342356
2218,738.0304882122615
812,-1024.6413461118514
50,-537.6025789535217
2117,-361.40615903627196
1318,-1061.006221468003
1676,-182.62526347237915
925,-609.6104521291238
1896,-185.3461749536873
1992,-70.42119173720026
241,553.6921133034837
307,-950.0775404615189
1602,-183.7276714538848
2139,-179.73637993374848
2172,-486.5178138721581
2183,-461.82515653844746
2443,-551.6714202659768
1572,-871.0891783512646
648,-143.3364007644458
1239,-618.5783979764182
2476,-505.0158405044294
1398,-10.896211603804396
157,-45.32164347518608
2159,192.1645380184877
273,-759.745374282742
1617,782.0079767120905
1612,816.7356655721734
2354,-245.58910563106957
1438,26.897133009557194
1865,375.480892405683
706,-32.64793473305721
954,-435.89943440063456
552,-620.3988031877698
1690,153.4520391043785
1017,-761.4792947222093
313,-913.7072204425396
109,31.471819645122455
154,987.2512765306798
1627,-499.7139623751155
242,-926.2357280973864
119,-863.7013986707391
787,-889.3560075685842
909,-341.3592274241895
1242,-1002.416576114545
503,129.98434952123097
1293,-485.05475924118565
2080,-695.575437146265
1787,766.3954010034194
917,-930.6274567607013
752,-178.32613640716522
898,-815.4813590947017
437,-327.03970820290573
1465,-29.055536197536686
545,1089.1873128989714
885,-884.0773144488504
647,90.71137909104631
206,-1028.930986486046
1035,39.18639505856095
832,-287.2438200550222
2318,-579.9220545103323
491,665.4006196583696
2276,-318.38158187329253
2496,-605.4051236847852
2371,-889.772092110425
1437,-416.4374544231026
2397,58.9727665632367
2160,418.7166590849038
2333,-983.5589095397733
1317,-339.11944998576064
186,-421.3112450128825
506,-496.7858503957909
1883,-209.48043578257028
1100,1096.106442167002
1842,-346.4084542127851
1034,-475.7818707497587
216,-213.28189052895289
278,-20.66550796922633
332,-714.8235952774893
619,-717.5930371802204
1692,-920.1244581032828
2089,-123.21536323552229
500,-354.34576020851546
3,-434.36873735641615
1171,40.25686889979728
611,-923.2380278219741
2424,-679.6052189884651
750,-436.4864564657939
1492,-503.3084026706749
1500,-333.99528211100886
762,-640.3573582114019
1555,291.3484770323346
510,557.1652560378146
1887,-613.1686156400033
933,-232.71486509808182
796,-196.20607844713498
773,56.97437009712722
2485,-684.5242407803748
199,310.93724735151744
81,336.53289569315854
1418,-261.93346794931836
381,-36.31291667945797
656,-542.021673028737
2405,-10.193047559469491
755,-418.90563191668303
2214,53.85418505166047
853,-536.0228359807953
1776,974.9577635304369
419,-230.02304701344985
83,126.96303944511287
1962,-478.4172328405991
1469,-857.0341029019022
2375,-1016.9622455813685
834,183.2604266130436
2063,-541.8516763008573
1563,959.8305980435484
1849,-737.2295049762081
2419,-235.40613548303506
46,905.8932922831524
1779,-179.73209899553552
2088,-840.0650328685019
564,934.6042864703522
2385,915.7831989837889
293,-73.14163807098566
36,172.27561026299128
1254,-444.6800874855604
961,-137.74761328662132
1031,-699.7264179711804
635,906.5612510211374
1932,-113.94145562392357
607,925.5293985179826
452,533.5380100097738
824,774.0113697672874
146,-849.1633866482161
594,613.9900982444432
738,-149.0951231061232
1033,-397.11531462477166
1224,-446.9541271330354
308,-262.11261343304665
1594,414.63084738232817
1824,532.7469314747874
1249,-858.2842633315008
941,983.0475150455469
924,994.1859637919654
1148,1031.1523976618637
303,-899.317574215208
899,-695.6350669958958
51,189.31896085183777
2094,-70.24114599266017
1117,951.5971579319585
679,-280.6914808641895
1714,-381.7772030068692
1719,-650.489533458821
75,-400.10921335441907
2363,-616.9530769652681
2377,-59.077524466638344
474,152.99436592198995
405,963.6222359480416
2090,283.2740857394199
782,-973.6003543170274
2253,-251.1411856583572
1917,-280.7253276478917
1717,702.5253864879842
2122,46.49882012732873
1538,914.2695921311912
1809,-51.349197380764934
1888,860.1907484921267
414,860.5594530591035
442,-713.6072524401802
1976,295.3482125496253
2351,116.5728858968845
1772,156.18512630173143
2437,21.26127398911619
833,778.4491178632857
859,284.35137143028874
1827,-185.30140397166141
11,-237.20277587305276
2040,82.77236671111353
1218,954.6018529853986
1561,571.4794247005746
272,257.79192239743037
1136,-361.4879417192256
2173,311.7622810163203
2078,363.006105837922
696,-311.5132234076699
991,1003.2338885526109
2146,-93.28706933765153
184,282.3601417392627
2362,-140.26264567797293
900,-255.6126680862816
931,-178.8193180306283
110,-391.27443937597195
976,-97.45120793831138
580,-498.54031342490765
1184,977.1079121126627
486,-356.7632675865849
189,-1097.3936737456504
144,-1053.1786537473768
1473,959.8241422790333
1098,973.3760076321821
866,-431.79395547034454
354,-736.8028785847529
103,-129.22268035204638
1569,24.064558989058987
17,1052.50496523148
1727,648.9828204867337
434,951.5945801421742
1778,-407.0061763804718
158,912.0002077792325
1634,972.0898161960606
2239,-390.21070409677577
1342,-430.7629694133389
2141,444.12253200655687
2077,-1045.9560561976703
998,342.9161429776081
546,914.878130090078
1253,-1020.4459173652513
2121,-431.93011591370146
533,-561.596002972741
637,58.45508580634602
1953,138.41061830066613
2271,-210.55682814600974
716,-194.66267060482846
187,-655.6761923698128
823,-961.2235988847967
534,-92.08586473718483
1940,-56.66206534156145
1019,-811.9108711311588
1406,-714.8392562189973
78,1044.6022824917225
1277,-689.3672292275976
1111,168.75593889246113
974,-215.75731938665393
201,328.5764808266128
2323,1005.2152649602142
1119,122.95828771093059
1789,-728.0822467968676
1642,38.31713794249026
2326,-841.4492953806216
547,-728.8493623167429
2358,-436.7446006269586
1939,-654.9112297403302
613,224.12409314128178
499,189.3439652228908
1707,0.7575678788985449
828,12.592856541361773
224,945.2476618448761
1733,-427.13864925138
969,402.9693271011059
1562,661.7875239531367
1742,390.08099427426384
393,-907.783320680778
2008,596.6449417207087
283,-50.57565894953005
1791,-204.6971370879948
529,-178.55905143102436
1659,-199.67702313711436
416,185.00058055315725
1688,9.869383270818897
1381,335.5336758317775
1313,888.7110785840669
1155,130.3340377098941
355,-134.65150510216972
855,1037.9728942153224
2166,-540.1843090724032
774,989.005823644098
324,-370.53698534100226
2396,929.9561519275541
2229,29.24556663310976
1199,843.9596615539307
555,-427.95245061096404
2410,-570.8156612246913
1906,-917.4437492395726
2355,-109.19396785481186
734,-861.7584944821058
1751,-839.8022279901913
1841,-1125.1521725798639
1106,-379.5133591783849
1093,-48.22482018981418
978,-761.4657018684813
390,903.0784733722061
41,-193.0307157483947
2398,-602.2422727358356
476,1015.7075200026085
1259,-196.27118764901365
968,507.4555564272812
2200,20.436488332438618
2027,74.83817847099002
1543,159.28972255529484
759,-422.3656188406059
527,-373.1804704500188
1619,515.9062062011234
1343,217.0095075211206
922,-1083.8477956477936
1668,-25.234033773571188
1416,-216.45609609891005
1949,1032.6259486182475
2244,-722.9340969169459
100,741.3402519900835
1195,-750.7915730045037
1387,-888.593184088956
1064,167.4657758182747
221,-232.8921055090435
2372,1014.8987552216724
1010,759.6779028128207
1247,-370.3762236386918
2325,1032.041464110915
986,-342.97980855306287
883,-72.99287803384097
1624,-832.6732925718725
1397,-244.4885245604587
1909,-418.00783957990245
79,433.1821726449297
2106,933.0092089483614
2060,829.4186762272083
262,-324.6514704569059
2031,-165.18264006419048
1123,-183.79913283393296
2233,-859.7913292842347
1502,538.14198440308
1005,-549.3859048018269
2110,925.200838254905
2135,31.569042425979845
682,342.7318913976314
2203,-668.6474946687313
597,-135.10744771688923
758,-269.5369168952637
357,-1083.9940506179278
1993,-995.0250738501278
2420,321.0929942538111
2168,1011.9725308932575
116,-303.66829569487896
999,-190.35737328742493
1020,208.69462282263862
575,856.0423374909648
936,-510.5085832898719
1587,-617.3112673568797
1434,849.1069839911635
1441,402.54906883765153
1557,352.07184333467706
200,167.58545093355934
117,-262.43512154714733
1046,-971.3358530364949
2144,982.0640998455025
1376,1070.151635701571
1902,949.9840384913947
732,-909.9599489287662
1456,333.04392726876273
1696,-236.52250759411862
1825,-993.7907902758127
1115,160.9364450005629
1267,951.1784522657932
1470,-159.63276135985276
1576,-751.2551618466593
751,-930.6373249507981
5,422.07595460989745
1805,255.49825380365715
358,-308.25281941516664
723,146.1571897587482
1581,732.7344736448371
2017,93.77913567882001
950,-286.2263099761642
622,804.2667620568295
1409,-403.27526704201415
1419,-789.4801670157044
1722,-814.044010683644
1080,-816.5491995457462
2119,-232.7627047463068
2305,-476.14935117909863
1167,94.33090638991385
2176,1096.6635056554262
1570,371.45403037751305
1614,-298.8174636222827
780,-725.0067013087522
988,238.65131115503607
316,900.7154428179841
2499,-31.810934100302664
683,-691.0734760322358
2181,-666.2140195159759
1609,879.5609352963387
1121,-1110.06665184838
874,-543.6348530748576
720,-844.0284933113106
74,-430.84854928992553
1922,-99.53699235792519
1404,-307.0788908672828
1101,-984.8470875993956
1400,639.8740803612761
1633,-383.04601337573683
573,-621.214518977238
1579,366.6024685984757
2434,-155.3310018309818
2071,-387.8465280914798
1863,-718.2123599649273
73,-395.801675204972
210,-316.41225487212097
1143,26.777461718730713
263,388.9004540377954
1835,902.4428806323945
2149,-991.3821972484689
454,-16.88472739814467
1188,-97.41491324188766
1015,-216.4522354427833
550,-353.09524234951823
1605,-448.35723648106136
1600,-232.6152340123824
1921,-454.9205108029903
848,-114.28307561823618
38,492.1211965453796
2011,131.02191953765694
2404,657.231329237207
2210,-685.9835447479329
1574,-369.85789631836536
1626,-628.8374854190221
107,-269.80105961341206
1089,-743.4303407432767
719,-11.92624876850524
87,-644.5124617353974
12,408.73021354845855
633,-341.4557953863236
2473,-481.18491167233356
1422,959.1296628633938
737,-281.70570306346417
1439,427.6540107384094
314,-305.6736775811925
2255,102.76031999344525
1597,925.9330729833482
1013,46.152936700852784
628,-522.7952747691112
1702,-179.78680775030756
2467,-923.3536654921744
955,325.00385327521747
2105,-665.5315425637204
2330,162.2730537777041
749,-1003.5542386798205
1995,-724.1094165371103
1725,-224.26601511723595
1244,-476.01717601798975
1876,906.5619383136423
93,728.1733966066454
1289,-435.21082635041057
429,-49.27548178103466
643,182.47417946501915
642,792.8315112909255
2048,-637.4892780234617
1065,763.2956498425189
2322,834.7254269083646
1540,341.5352920595647
1170,53.766765176185395
1463,51.15488049497434
741,-14.874618175894915
2170,-277.2866541406513
2175,-353.54265022976097
150,155.3764323961884
379,-658.9952987534318
660,-472.7325830361002
1529,-462.4484045246767
1350,1066.8191111816573
569,100.53538455797086
53,-333.34396537710774
957,-268.8147209348478
1685,-456.2045668451762
1851,-77.69868269013386
2046,-996.5710558398825
530,-253.6718742298362
890,892.0164698759667
1372,313.8982517093597
994,934.9604773647219
207,-91.06580238734054
915,-351.5701906321999
700,-249.10553234101332
2382,-378.31849924852594
1045,-35.03559885008376
1994,-503.9123093142748
424,242.41504810638887
572,592.0707645182501
861,534.4426264662294
292,28.754743241243396
43,-285.3156596298284
1684,431.36224306989243
1371,-403.6426867457077
2030,178.82480557104063
166,-246.7530652477659
959,-59.81976616226696
407,913.6508769261724
652,-77.29170375762452
265,-288.5806314542531
896,-505.4971366688217
548,-532.8349709093559
1451,634.3411486048685
2150,423.0297780897538
2391,-264.3831487494604
733,-409.38965338104936
2417,679.3756172172501
1716,-851.3435159360007
1928,-453.2561863715031
2283,-433.11909722929687
970,950.2771017387026
595,96.39790692168913
1816,79.903121411377
769,-224.195033415307
910,180.86180677288482
1310,-234.023634361776
1584,797.2953225474505
1186,-390.24926767592086
380,-710.3547702903493
1051,1005.3844633295195
1316,-665.534584097424
1427,-401.73122154762206
1598,-648.998175062197
1775,1079.6327209404587
602,-1202.764336322485
1374,512.6880358259024
2458,932.5033970934031
2412,906.3767126241263
779,837.6873482128925
1530,748.732915677591
2447,32.01884511596839
140,-202.38317235977155
1854,640.5711420801966
1665,4.7946476637503945
1552,-50.57815787490227
1457,-357.5673511605792
802,-253.62919975822345
1414,-161.93602622660714
2463,204.91506176405306
2344,331.1919030641124
389,-64.27240351556435
225,-1047.9164602680619
1091,3.3981156371141834
1759,-496.8013854399271
1729,670.7888352854819
1303,-409.7476611482219
868,-40.899493965190274
1108,-626.992994817205
962,653.5680136138632
120,816.6825365166466
658,1038.9093203439675
2043,-767.2939930078827
1737,-300.97896895014634
818,-665.5867862864599
1687,394.3813812868189
183,-249.3947118858414
1009,-852.3221376793496
1566,967.7481741857849
2240,351.72272187883317
1235,-463.09302025879634
2270,-554.0144592654251
1941,-376.64322423101135
7,384.56048727041696
457,-375.8307057833455
2164,-321.72116666098225
1686,-425.7412409225339
1630,-813.9477346194636
1016,-54.53720533068447
1774,338.26232669385917
1021,-400.90056752240764
2256,-370.2305006757035
2228,-97.76229970035003
76,-657.0974247690073
996,925.7961190777921
1346,45.30477765112764
97,1056.7994087156828
211,-945.4692794223108
1549,9.241829571451802
1144,-616.2595744823648
842,-183.88529490415286
2328,-341.24250743278907
669,-414.5790656933167
827,-380.5996253019271
1092,978.6466641260057
139,839.0469712872134
1806,-312.89136336567464
1701,-152.38380036447876
1601,-120.90118405622664
694,80.85328260380336
2157,217.3151228351979
2221,-165.08710962308893
1209,184.2508304348542
624,1029.328807864022
2395,140.65495074601446
1765,1024.1035462436223
165,-269.9943657233878
2464,-199.43005004427602
2319,483.18972640904434
858,-438.96207426291005
2386,-818.1153032898258
55,366.94603249000414
40,350.3607026829554
556,-950.7558417584199
2246,383.4243329554823
1461,-460.97672718865863
27,78.48146728391814
162,-229.08785538144676
520,-422.099153918244
2359,1005.4685918589513
777,-217.0062932549208
1588,-307.78031606939055
384,-24.518809579020967
1946,435.87957398036656
338,665.3628444986832
1628,-410.3106529003628
326,-217.0501973356537
1068,-959.6436348186542
369,-789.6122612731289
1430,66.05974841159217
1047,362.8758368011269
2428,995.8996409666563
2082,-703.568358033541
1974,-815.6013482689002
1857,-1184.8915071637398
1703,-678.9783755985133
730,326.9882782890869
